0315;0220
Bounds;296.367967;48.843551;296.818455;49.300253
Aperture;14;1;3
Background photometric window
DATE_OBS     ;NAME                     ;FILTER;CATRA     ;CATDEC    ;IMGRA     ;IMGDEC    ;IMGX    ;IMGY    ;R2mag ;BKGROUND;BGSTDDEV;BGRJCT;PSF_A    ;PSF_SIGMAX;PSF_SIGMAY;PSF_THETA;PSF_MAD     ;FLUX14   ;SNR14   ;FLAG
2457266.62294;3UCAC279-155926          ;V     ;296.649792; 49.152946;296.649780; 49.152908; 511.430; 622.090; 7.845;476.7140;24.11446;0.2528;0.2110117;3.83546250;3.34585750;75.290459;4.37955E-003;471900.59;629.8075;0000
2457266.62294;3UCAC278-156935          ;V     ;296.753940; 48.931936;296.753861; 48.931970;1205.365; 844.622; 8.010;473.9521;24.11446;0.2528;0.5855711;4.00537958;2.87969008;67.392075;2.96247E-003;1176542.4;1045.636;0000
2457266.62294;3UCAC279-155776          ;V     ;296.563510; 49.225992;296.563420; 49.225949; 282.974; 442.049; 8.680;480.8359;24.11446;0.2528;0.0713043;4.12651614;3.86926296;66.145335;5.27172E-003;193453.57;363.6694;0000
2457266.62294;3UCAC279-155700          ;V     ;296.519103; 49.266740;296.519041; 49.266697; 155.368; 349.646; 8.717;486.2899;24.11446;0.2528;0.0681618;4.44238670;4.15491188;71.778937;5.75524E-003;210017.96;383.7367;0000
2457266.62294;3UCAC279-155741          ;V     ;296.544402; 49.073478;296.544418; 49.073493; 763.830; 407.190; 8.866;474.2855;24.11446;0.2528;0.3625493;3.68645289;3.06366982;82.034435;3.24489E-003;722896.10;802.0245;0000
2457266.62294;3UCAC278-156683          ;V     ;296.615424; 48.860032;296.615501; 48.860023;1435.232; 560.462; 8.896;472.5361;24.11446;0.2528;0.1055330;4.08684553;2.88799912;75.772929;5.01959E-003;217391.56;392.4088;0000
2457266.62294;3UCAC279-155807          ;V     ;296.575475; 49.101112;296.575483; 49.101105; 676.215; 470.501; 9.214;474.8624;24.11446;0.2528;0.0611251;3.76645220;3.17114297;81.902727;5.31437E-003;128043.21;274.5160;0000
2457266.62294;3UCAC279-155691          ;V     ;296.512311; 49.133226;296.512305; 49.133204; 576.221; 339.330; 9.242;475.1180;24.11446;0.2528;0.1097038;3.74353299;3.29613276;79.114199;4.72841E-003;237987.14;415.8586;0000
2457266.62294;3UCAC279-155914          ;V     ;296.640978; 49.023791;296.641019; 49.023828; 918.433; 608.143; 9.366;474.6149;24.11446;0.2528;0.0614835;3.63559634;2.94073744;74.905863;5.68005E-003;116900.93;257.3032;0000
2457266.62294;3UCAC279-155686          ;V     ;296.510487; 49.217059;296.510421; 49.217044; 312.014; 333.235; 9.565;479.5955;24.11446;0.2528;0.0279368;4.21130536;3.91469379;85.395433;9.33402E-003;80364.424;194.9808;0000
2457266.62294;3UCAC279-156165          ;V     ;296.775056; 49.023050;296.775107; 49.023066; 917.739; 885.189; 9.810;474.5710;24.11446;0.2528;0.0944604;3.83643677;3.00974186;68.797457;5.07767E-003;191925.00;361.7743;0000
2457266.62294;3UCAC279-155671          ;V     ;296.502454; 49.208647;296.502404; 49.208613; 338.728; 316.954; 9.840;478.7975;24.11446;0.2528;0.0425673;4.08346020;3.76909994;85.299390;6.84273E-003;111636.73;248.9109;0000
2457266.62294;3UCAC279-155738          ;V     ;296.541593; 49.015995;296.541644; 49.016029; 944.992; 403.055; 9.840;473.8900;24.11446;0.2528;0.0433732;3.65602109;2.96305560;79.749940;6.14670E-003;82995.964;199.8238;0000
2457266.62294;3UCAC279-155649          ;V     ;296.486412; 49.272242;296.486318; 49.272202; 138.587; 282.231; 9.878;487.1172;24.11446;0.2528;0.0225035;4.42309050;4.14821397;72.053336;1.03982E-002;69840.809;174.9539;0000
2457266.62294;3UCAC278-156956          ;V     ;296.770312; 48.922226;296.770290; 48.922259;1235.566; 878.986;10.039;473.6024;24.11446;0.2528;0.0862843;4.07193919;2.88905157;66.361361;5.12394E-003;178289.96;344.5217;0000
2457266.62294;3UCAC279-155903          ;V     ;296.633623; 49.030091;296.633598; 49.030146; 898.677; 592.613;10.105;474.5980;24.11446;0.2528;0.0405194;3.63309307;2.91693138;74.268084;6.87175E-003;75927.243;186.6693;0000
2457266.62294;3UCAC278-156346          ;V     ;296.420264; 48.871935;296.420251; 48.871871;1401.398; 155.482;10.121;470.7228;24.11446;0.2528;0.0282490;4.04677488;3.10471370;84.755931;7.93074E-003;62364.193;160.0238;0000
2457266.62294;3UCAC278-156612          ;V     ;296.570380; 48.958776;296.570460; 48.958824;1124.738; 464.248;10.405;473.8507;24.11446;0.2528;0.0376811;3.64459198;2.82116801;81.789093;7.25337E-003;69195.504;173.6894;0000
2457266.62294;3UCAC279-155786          ;V     ;296.566596; 49.153816;296.566567; 49.153777; 510.381; 450.597;10.416;476.1248;24.11446;0.2528;0.0249991;3.79851819;3.38363108;83.221923;8.47382E-003;57172.575;149.2758;0000
2457266.62294;3UCAC279-155942          ;V     ;296.663933; 49.083868;296.663942; 49.083871; 728.705; 653.534;10.445;475.2715;24.11446;0.2528;0.0900106;3.68187604;3.02101368;74.991666;4.91112E-003;176724.23;342.4989;0000
2457266.62294;3UCAC279-155597          ;V     ;296.438089; 49.181018;296.438010; 49.180997; 426.831; 185.058;10.472;476.2557;24.11446;0.2528;0.0166665;4.05147613;3.70356498;84.381983;1.02423E-002;43246.538;118.6898;0000
2457266.62294;3UCAC278-156392          ;V     ;296.450945; 48.891592;296.450947; 48.891559;1338.862; 218.624;10.772;472.2014;24.11446;0.2528;0.0201395;3.82767724;2.96514042;82.579730;9.31768E-003;40674.933;112.7291;0000
2457266.62294;3UCAC278-156301          ;V     ;296.392664; 48.901889;296.392636; 48.901842;1307.347;  97.611;10.820;470.7036;24.11446;0.2528;0.0278812;3.84125324;3.04943608;82.149051;8.47976E-003;58364.798;151.7731;0000
2457266.62294;3UCAC279-155855          ;V     ;296.605387; 49.210882;296.605373; 49.210840; 329.771; 528.828;10.822;479.7022;24.11446;0.2528;0.0132944;4.05925390;3.72763287;72.810458;1.13993E-002;34486.534;97.93414;0000
2457266.62294;3UCAC279-155628          ;V     ;296.470325; 49.042491;296.470335; 49.042530; 862.722; 255.054;10.826;473.7017;24.11446;0.2528;0.0169710;3.67829497;3.02872909;80.935618;9.98720E-003;34067.191;96.90729;0000
2457266.62294;3UCAC279-155986          ;V     ;296.683747; 49.180178;296.683717; 49.180134; 424.879; 691.106;10.872;478.0225;24.11446;0.2528;0.0270204;3.93273509;3.50510874;71.037237;8.25906E-003;64330.921;164.0118;0000
2457266.62294;3UCAC278-156473          ;V     ;296.490485; 48.905995;296.490561; 48.906000;1292.688; 300.313;10.876;472.9471;24.11446;0.2528;0.0259909;3.65959968;2.79659150;83.523699;8.54372E-003;48211.021;129.9082;0000
2457266.62294;3UCAC278-156664          ;V     ;296.605086; 48.925387;296.605122; 48.925446;1229.248; 536.965;11.078;473.8761;24.11446;0.2528;0.0182990;3.73523655;2.79417758;75.013767;9.54969E-003;33968.976;96.66633;0000
2457266.62294;3UCAC279-155913          ;V     ;296.640011; 49.196062;296.640017; 49.196016; 375.773; 600.604;11.078;478.8020;24.11446;0.2528;0.0116893;3.98945399;3.66275948;63.121890;1.34299E-002;29193.020;84.72996;0000
2457266.62294;3UCAC278-156354          ;V     ;296.425689; 48.877373;296.425667; 48.877321;1384.136; 166.581;11.085;471.1384;24.11446;0.2528;0.0153347;3.98362952;3.08066008;84.736076;1.12591E-002;33332.850;95.10136;0000
2457266.62294;3UCAC279-156035          ;V     ;296.706987; 49.064808;296.707009; 49.064815; 787.794; 743.058;11.089;475.1866;24.11446;0.2528;0.0423214;3.68828243;3.02027008;71.861129;6.40466E-003;83267.328;200.3196;0000
2457266.62294;3UCAC279-155781          ;V     ;296.564974; 49.058127;296.565005; 49.058135; 811.845; 450.118;11.212;474.2736;24.11446;0.2528;0.0189582;3.65337900;3.01819828;78.188718;1.07440E-002;37181.877;104.4591;0000
2457266.62294;3UCAC279-155562          ;V     ;296.421950; 49.156182;296.421880; 49.156153; 505.382; 152.402;11.272;474.8433;24.11446;0.2528;0.0087086;4.09612457;3.51581886;97.464394;1.67625E-002;21486.879;64.49203;0000
2457266.62294;3UCAC279-156143          ;V     ;296.757924; 49.167228;296.757928; 49.167183; 463.961; 844.414;11.287;477.2660;24.11446;0.2528;0.0308379;4.06818512;3.51624685;68.296232;7.21272E-003;75559.878;185.9727;0000
2457266.62294;3UCAC278-156542          ;V     ;296.528017; 48.947818;296.528087; 48.947855;1160.107; 376.891;11.293;473.5765;24.11446;0.2528;0.0159948;3.74691747;2.81302372;81.767696;9.88390E-003;29832.577;86.35390;0000
2457266.62294;3UCAC278-156643          ;V     ;296.590586; 48.864029;296.590665; 48.864030;1423.105; 508.865;11.364;472.5220;24.11446;0.2528;0.0102537;4.03253347;2.92705370;76.828465;1.51334E-002;21760.228;65.23221;0000
2457266.62294;3UCAC278-156270          ;V     ;296.377449; 48.929093;296.377371; 48.929059;1221.782;  65.428;11.413;470.5244;24.11446;0.2528;0.0154125;3.91773285;3.00149873;82.600064;1.12565E-002;32309.768;92.56868;0000
2457266.62294;3UCAC279-155674          ;V     ;296.504645; 49.142455;296.504608; 49.142414; 547.328; 323.222;11.477;475.3312;24.11446;0.2528;0.0074085;3.82752152;3.30801373;86.490186;1.86516E-002;17518.059;53.54573;0000
2457266.62294;3UCAC278-156678          ;V     ;296.613843; 48.884159;296.613928; 48.884176;1359.141; 556.461;11.489;473.2925;24.11446;0.2528;0.0125100;3.90871531;2.80472642;74.760170;1.31598E-002;24721.285;73.14202;0000
2457266.62294;3UCAC279-155868          ;V     ;296.613635; 49.082446;296.613636; 49.082466; 734.197; 549.774;11.753;474.8999;24.11446;0.2528;0.0134941;3.96899725;3.09487071;79.691677;1.22657E-002;29563.107;85.67066;0000
2457266.62294;3UCAC278-156907          ;V     ;296.738674; 48.891743;296.738752; 48.891762;1332.452; 814.792;11.781;473.3672;24.11446;0.2528;0.0242715;4.15866995;2.88476997;67.717334;9.98701E-003;51668.352;137.5090;0001
2457266.62294;3UCAC278-156871          ;V     ;296.722905; 48.931676;296.722953; 48.931722;1206.886; 780.658;11.827;474.2075;24.11446;0.2528;0.0233867;3.92924094;2.82591882;68.845092;8.41974E-003;45658.472;124.1863;0000
2457266.62294;3UCAC279-155475          ;V     ;296.372634; 49.300253;296.372439; 49.300261;  51.904;  47.552;11.900;490.8233;24.11446;0.2528;0.0043113;4.89827939;4.42670081;68.481094;2.96487E-002;16313.894;50.14796;0000
2457266.62294;3UCAC279-155740          ;V     ;296.544308; 49.030822;296.544328; 49.030853; 898.222; 408.189;11.930;473.9702;24.11446;0.2528;0.0117160;3.52370565;2.85278406;79.544277;1.37480E-002;21199.390;63.71170;0000
2457266.62294;3UCAC279-155555          ;V     ;296.416329; 49.160228;296.416283; 49.160241; 492.582; 140.777;11.981;474.8548;24.11446;0.2528;0.0060938;3.96453136;3.61227258;93.715224;2.31148E-002;15253.787;47.12588;0000
2457266.62294;3UCAC278-156582          ;V     ;296.553931; 48.989838;296.553950; 48.989872;1027.202; 429.221;12.008;473.8625;24.11446;0.2528;0.0264217;3.57702812;2.88572843;77.283430;8.03828E-003;48931.022;131.5050;0000
2457266.62294;3UCAC279-155531          ;V     ;296.399663; 49.156521;296.399515; 49.156544; 504.483; 106.311;12.014;474.2004;24.11446;0.2528;0.0075059;4.03862044;3.47840168;88.908374;1.74722E-002;18589.520;56.53847;0000
2457266.62294;3UCAC278-156974          ;V     ;296.779233; 48.869172;296.779346; 48.869147;1402.730; 899.729;12.104;471.9165;24.11446;0.2528;0.0152921;4.49895644;3.06208633;66.491168;1.01466E-002;36091.444;101.8348;0000
2457266.62294;3UCAC279-155726          ;V     ;296.536018; 49.296640;296.535902; 49.296756;  60.324; 383.485;12.119;493.0131;24.11446;0.2528;0.0031630;5.27689382;4.58928909;177.29594;4.10026E-002;13107.556;40.91645;0000
2457266.62294;3UCAC279-155850          ;V     ;296.602589; 49.149941;296.602599; 49.149813; 522.165; 524.963;12.124;476.2683;24.11446;0.2528;0.0049865;3.93425816;3.35048933;80.137812;2.34392E-002;11712.694;36.81330;0000
2457266.62294;3UCAC279-155530          ;V     ;296.398531; 49.081040;296.398520; 49.081047; 742.447; 105.902;12.206;472.7428;24.11446;0.2528;0.0094143;3.81767164;3.08200302;91.804960;1.55269E-002;20372.885;61.45758;0000
2457266.62294;3UCAC279-155478          ;V     ;296.374948; 49.278991;296.374767; 49.279012; 118.843;  52.774;12.226;485.7052;24.11446;0.2528;0.0031899;4.84539658;4.32115616;80.562351;3.88062E-002;11190.090;35.26189;0000
2457266.62294;3UCAC279-155899          ;V     ;296.627644; 49.079393;296.627709; 49.079393; 743.590; 578.909;12.233;474.9738;24.11446;0.2528;0.0066622;3.59296760;3.05477278;80.699906;1.99373E-002;13264.897;41.37590;0000
2457266.62294;3UCAC279-155967          ;V     ;296.676617; 49.059716;296.676709; 49.059708; 804.577; 680.684;12.234;475.0714;24.11446;0.2528;0.0076393;3.88102847;3.05770105;83.720796;2.01148E-002;17420.693;53.27235;0000
2457266.62294;3UCAC279-156086          ;V     ;296.733625; 49.118654;296.733644; 49.118621; 617.595; 796.121;12.262;475.9213;24.11446;0.2528;0.0136066;3.76105073;3.18807356;71.568587;1.14265E-002;28777.568;83.67069;0000
2457266.62294;3UCAC278-156856          ;V     ;296.713837; 48.998938;296.713838; 48.998961; 995.185; 759.451;12.347;474.7206;24.11446;0.2528;0.0103206;3.77355771;2.87220334;73.376132;1.39311E-002;20770.965;62.54526;0000
2457266.62294;3UCAC278-157013          ;V     ;296.811327; 48.888864;296.811406; 48.888851;1339.810; 965.402;12.365;472.0350;24.11446;0.2528;0.0118751;4.52025231;2.96454581;64.537616;1.23360E-002;27643.022;80.76022;0000
2457266.62294;3UCAC278-156384          ;V     ;296.447102; 48.915117;296.446933; 48.914901;1265.358; 209.754;12.392;472.6700;24.11446;0.2528;0.0044817;4.77335720;3.12579912;55.254087;3.24572E-002;12229.754;38.34064;0000
2457266.62294;3UCAC278-156919          ;V     ;296.741558; 48.885562;296.741685; 48.885587;1351.842; 821.091;12.472;473.1604;24.11446;0.2528;0.0108245;4.28686011;2.94277532;66.306280;1.32576E-002;23560.842;70.06543;0000
2457266.62294;3UCAC279-156057          ;V     ;296.717588; 49.209806;296.717552; 49.209745; 330.783; 759.751;12.482;479.9248;24.11446;0.2528;0.0100043;4.06683995;3.66053002;68.489334;1.56700E-002;25660.091;75.60958;0000
2457266.62294;3UCAC278-156312          ;V     ;296.398879; 48.864820;296.398828; 48.864787;1424.047; 111.241;12.484;469.4230;24.11446;0.2528;0.0049849;4.14252927;3.14885726;80.853407;2.33508E-002;11660.698;36.65929;0000
2457266.62294;3UCAC279-155843          ;V     ;296.597748; 49.047919;296.597730; 49.047964; 843.259; 517.985;12.516;474.4367;24.11446;0.2528;0.0052577;3.67786675;3.02283210;76.699627;2.39173E-002;10104.884;32.01518;0000
2457266.62294;3UCAC279-156170          ;V     ;296.778866; 49.217921;296.778853; 49.217832; 303.818; 885.618;12.525;480.3308;24.11446;0.2528;0.0090277;4.38426639;3.87137521;57.149492;1.50897E-002;26029.637;76.57573;0000
2457266.62294;3UCAC279-155847          ;V     ;296.600291; 49.022154;296.600272; 49.022229; 924.315; 524.011;12.533;474.3003;24.11446;0.2528;0.0071557;3.57280510;2.95876721;69.830449;1.80706E-002;13575.457;42.28077;0000
2457266.62294;3UCAC279-155620          ;V     ;296.463790; 49.210846;296.463899; 49.210898; 332.176; 237.643;12.554;478.6599;24.11446;0.2528;0.0018727;4.57061817;3.95442413;82.726440;6.18426E-002;5843.9583;18.92448;0000
2457266.62294;3UCAC279-155621          ;V     ;296.464480; 49.182901;296.464457; 49.182892; 420.434; 239.478;12.557;476.7134;24.11446;0.2528;0.0064575;4.02627086;3.60944499;87.037905;2.01314E-002;16300.928;50.11117;0000
2457266.62294;3UCAC279-155523          ;V     ;296.395600; 49.292409;296.395379; 49.292448;  76.203;  94.851;12.575;489.9018;24.11446;0.2528;0.0030258;4.75956857;4.52732840;76.227137;3.93467E-002;10543.364;33.33114;0000
2457266.62294;3UCAC279-155715          ;V     ;296.528798; 49.033094;296.528834; 49.033120; 891.360; 376.121;12.600;473.9065;24.11446;0.2528;0.0083678;3.51364888;2.88432730;75.393377;1.61853E-002;15257.453;47.13638;0000
2457266.62294;3UCAC278-156524          ;V     ;296.520708; 48.906022;296.520780; 48.906071;1291.930; 362.892;12.705;473.1243;24.11446;0.2528;0.0061224;3.67512184;2.70572257;79.383352;2.07836E-002;10914.499;34.44061;0000
2457266.62294;3UCAC278-156583          ;V     ;296.554634; 48.928029;296.554669; 48.928131;1221.776; 432.449;12.770;473.5718;24.11446;0.2528;0.0061940;3.62223686;2.79928626;79.428240;2.08091E-002;10979.307;34.63394;0000
2457266.62294;3UCAC278-156858          ;V     ;296.715178; 48.847173;296.715280; 48.847145;1473.626; 767.728;12.785;471.8740;24.11446;0.2528;0.0057837;4.39369639;3.00833442;69.062968;2.25456E-002;12979.664;40.54250;0000
2457266.62294;3UCAC278-156724          ;V     ;296.637431; 48.917656;296.637566; 48.917908;1252.332; 604.364;12.795;474.0060;24.11446;0.2528;0.0035997;4.03041345;2.80591930;66.313992;3.71172E-002;9079.8831;28.91683;0000
2457266.62294;3UCAC279-155492          ;V     ;296.380637; 49.044191;296.380550; 49.044213; 858.797;  69.590;12.806;471.7425;24.11446;0.2528;0.0055057;3.74746033;3.20757304;90.610880;2.25210E-002;11732.164;36.87095;0000
2457266.62294;3UCAC279-155972          ;V     ;296.678787; 49.103445;296.678769; 49.103371; 666.918; 683.477;12.899;475.6230;24.11446;0.2528;0.0060027;3.70406753;3.05074696;81.010040;2.20994E-002;12409.570;38.87004;0000
2457266.62294;3UCAC279-155614          ;V     ;296.455708; 49.172747;296.455678; 49.172726; 452.619; 221.643;12.961;476.0911;24.11446;0.2528;0.0039830;3.75411140;3.55226047;85.712433;3.04412E-002;9772.8679;31.01498;0000
2457266.62294;3UCAC278-156336          ;V     ;296.413106; 48.912951;296.413085; 48.912909;1272.163; 139.715;13.003;471.8530;24.11446;0.2528;0.0037529;3.79434650;2.98986915;92.546334;3.31148E-002;8179.8898;26.17032;0000
2457266.62294;3UCAC278-156813          ;V     ;296.695585; 48.981480;296.695727; 48.981815;1049.639; 722.601;13.061;474.6393;24.11446;0.2528;0.0033426;3.58718732;2.73887879;70.246447;3.78685E-002;6885.1869;22.17555;0004
2457266.62294;3UCAC279-155984          ;V     ;296.682683; 49.261324;296.682641; 49.261240; 169.282; 686.169;13.081;486.0175;24.11446;0.2528;0.0048509;4.28088451;3.87348539;56.116759;3.05724E-002;14096.775;43.79383;0002
2457266.62294;3UCAC278-156503          ;V     ;296.505237; 48.975269;296.505270; 48.975346;1073.872; 328.960;13.085;473.6075;24.11446;0.2528;0.0067706;3.50377966;2.89130156;81.138055;1.82821E-002;12466.099;39.03628;0000
2457266.62294;3UCAC278-156289          ;V     ;296.387744; 48.914030;296.387720; 48.914023;1269.027;  87.170;13.086;470.7877;24.11446;0.2528;0.0043337;3.76074154;2.92770831;89.391458;3.13124E-002;9041.7067;28.80082;0000
2457266.62294;3UCAC279-156021          ;V     ;296.699394; 49.200600;296.699470; 49.200932; 358.976; 722.836;13.105;479.2968;24.11446;0.2528;0.0018770;5.83132806;4.13219207;30.575937;6.87599E-002;8170.1733;26.14054;0004
2457266.62294;3UCAC279-156016          ;V     ;296.697008; 49.118157;296.696938; 49.118112; 620.051; 720.451;13.130;475.9419;24.11446;0.2528;0.0074104;3.81929037;3.14277299;73.174848;1.85049E-002;15772.177;48.60732;0000
2457266.62294;3UCAC278-156767          ;V     ;296.666733; 48.926810;296.666795; 48.926860;1223.486; 664.584;13.142;474.2254;24.11446;0.2528;0.0068115;3.77906102;2.81569539;72.775337;1.87937E-002;12996.026;40.59037;0000
2457266.62294;3UCAC279-155642          ;V     ;296.482113; 49.143971;296.482098; 49.143955; 542.861; 276.788;13.154;475.2319;24.11446;0.2528;0.0055842;3.82371855;3.35835832;85.082364;2.27384E-002;12485.604;39.09362;0000
2457266.62294;3UCAC278-156800          ;V     ;296.683886; 48.974317;296.683843; 48.974242;1073.776; 698.282;13.161;474.5857;24.11446;0.2528;0.0049537;4.15769733;2.91138293;63.707790;2.75236E-002;10514.699;33.24528;0000
2457266.62294;3UCAC278-156310          ;V     ;296.397612; 48.850567;296.397581; 48.850518;1469.036; 108.966;13.193;468.4230;24.11446;0.2528;0.0035039;4.04562939;2.95576892;84.180513;3.23300E-002;7349.9204;23.61549;0000
2457266.62294;3UCAC278-156309          ;V     ;296.397585; 48.879094;296.397564; 48.879049;1379.115; 108.310;13.228;470.0910;24.11446;0.2528;0.0049625;3.86162697;2.99737040;86.452758;2.48781E-002;9892.9492;31.37710;0000
2457266.62294;3UCAC279-155785          ;V     ;296.566471; 49.169999;296.566435; 49.169999; 459.255; 449.859;13.245;476.7992;24.11446;0.2528;0.0034152;3.89698985;3.42988274;81.693741;3.38459E-002;8365.2967;26.73814;0000
2457266.62294;3UCAC279-156120          ;V     ;296.748811; 49.090759;296.748837; 49.090605; 705.527; 828.466;13.248;475.3967;24.11446;0.2528;0.0026902;4.28569016;3.34974791;75.375865;4.42637E-002;6393.4736;20.64457;0000
2457266.62294;3UCAC278-156663          ;V     ;296.604451; 48.854814;296.604557; 48.854808;1451.892; 537.937;13.261;472.2428;24.11446;0.2528;0.0047165;4.04819181;2.87192035;80.061381;2.66793E-002;9779.1340;31.03389;0000
2457266.62294;3UCAC279-155827          ;V     ;296.591567; 49.109755;296.591572; 49.109748; 648.657; 503.433;13.274;475.1419;24.11446;0.2528;0.0045170;3.62472275;3.07754771;78.037628;3.06930E-002;9531.4255;30.28559;0000
2457266.62294;3UCAC279-155532          ;V     ;296.401240; 49.029347;296.401194; 49.029407; 905.166; 112.547;13.280;472.5386;24.11446;0.2528;0.0047557;3.67472895;2.96576518;90.296198;2.48125E-002;9084.3714;28.93046;0000
2457266.62294;3UCAC279-155471          ;V     ;296.370743; 49.140948;296.370651; 49.140966; 553.992;  47.156;13.286;472.3275;24.11446;0.2528;0.0035635;4.15728053;3.53381804;75.073758;3.66132E-002;9319.7180;29.64460;0000
2457266.62294;3UCAC279-155988          ;V     ;296.683896; 49.244647;296.684082; 49.244658; 221.513; 689.689;13.296;483.5862;24.11446;0.2528;0.0026674;4.97717346;4.10527568;70.733322;4.28970E-002;9091.2824;28.95146;0000
2457266.62294;3UCAC279-156159          ;V     ;296.769390; 49.074344;296.769371; 49.074326; 756.329; 871.435;13.296;475.0887;24.11446;0.2528;0.0048043;3.71111649;2.96180409;64.608891;2.56237E-002;9961.4604;31.58351;0000
2457266.62294;3UCAC278-156574          ;V     ;296.550879; 48.912984;296.550930; 48.913005;1269.522; 425.135;13.314;473.3903;24.11446;0.2528;0.0059010;3.73685292;2.84347904;81.360234;2.07361E-002;10689.339;33.76799;0000
2457266.62294;3UCAC279-156070          ;V     ;296.725276; 49.047200;296.725306; 49.047197; 842.896; 781.451;13.339;475.0136;24.11446;0.2528;0.0056293;3.58152457;3.04810549;70.782387;2.30241E-002;10916.666;34.44707;0000
2457266.62294;3UCAC278-156532          ;V     ;296.525349; 48.959022;296.525416; 48.959026;1124.946; 371.062;13.357;473.6206;24.11446;0.2528;0.0040858;3.36025383;2.76301816;78.590984;2.87924E-002;6721.5856;21.66702;0000
2457266.62294;3UCAC278-156265          ;V     ;296.374956; 48.868533;296.374919; 48.868459;1412.816;  61.610;13.362;468.0618;24.11446;0.2528;0.0030720;4.20081080;3.20044794;85.920612;3.76384E-002;6751.9054;21.76133;0000
2457266.62294;3UCAC279-155585          ;V     ;296.430521; 49.038363;296.430520; 49.038419; 876.318; 172.921;13.390;473.2792;24.11446;0.2528;0.0044819;3.72607826;3.03762159;87.407366;2.60858E-002;8999.4236;28.67229;0000
2457266.62294;3UCAC279-155879          ;V     ;296.619383; 49.115225;296.619410; 49.115219; 630.852; 560.676;13.394;475.4749;24.11446;0.2528;0.0036869;3.70697428;2.98381387;79.658501;3.31607E-002;7614.7263;24.43294;0000
2457266.62294;3UCAC279-155955          ;V     ;296.672764; 49.268907;296.672736; 49.268865; 145.471; 665.551;13.407;487.3331;24.11446;0.2528;0.0030090;4.30160545;3.84898880;64.392941;4.17646E-002;8994.5533;28.65748;0000
2457266.62294;3UCAC278-156277          ;V     ;296.381078; 48.970691;296.381029; 48.970724;1090.413;  72.123;13.450;471.3386;24.11446;0.2528;0.0041135;3.86458642;2.97848785;90.931084;2.88963E-002;8479.0569;27.08602;0000
2457266.62294;3UCAC279-156001          ;V     ;296.689874; 49.012806;296.689867; 49.012805; 952.103; 709.434;13.462;474.7885;24.11446;0.2528;0.0053959;3.57175441;2.87030486;78.694300;2.20726E-002;10056.817;31.87058;0000
2457266.62294;3UCAC279-155594          ;V     ;296.435975; 49.130184;296.436083; 49.130178; 587.028; 182.272;13.471;474.3772;24.11446;0.2528;0.0022542;3.94770341;3.13260309;69.927260;5.26450E-002;4868.5638;15.84711;0000
2457266.62294;3UCAC279-155601          ;V     ;296.443383; 49.223630;296.443295; 49.223635; 292.361; 194.936;13.514;479.5743;24.11446;0.2528;0.0028336;4.23338088;3.88516756;64.481385;3.99600E-002;8394.5175;26.82754;0000
2457266.62294;3UCAC279-156094          ;V     ;296.738398; 49.031920;296.738399; 49.031925; 890.714; 809.035;13.523;474.8564;24.11446;0.2528;0.0049052;3.76959651;2.95924487;75.912106;2.54739E-002;9482.0033;30.13607;0000
2457266.62294;3UCAC279-156045          ;V     ;296.712275; 49.025419;296.712279; 49.025460; 911.706; 755.306;13.535;474.8771;24.11446;0.2528;0.0058297;3.59196166;2.80117379;67.393583;2.25834E-002;10412.057;32.93765;0000
2457266.62294;3UCAC279-155844          ;V     ;296.599031; 49.110394;296.599036; 49.110285; 646.817; 518.809;13.538;475.2128;24.11446;0.2528;0.0021149;3.38555924;3.35089463;164.04017;5.81111E-002;5001.5186;16.26842;0000
2457266.62294;3UCAC279-155878          ;V     ;296.618497; 49.128153;296.618475; 49.128159; 590.087; 558.347;13.548;475.7589;24.11446;0.2528;0.0034470;3.61006769;3.13348865;78.716284;3.39425E-002;6680.1301;21.53803;0000
2457266.62294;3UCAC279-155629          ;V     ;296.471236; 49.092372;296.471251; 49.092379; 705.596; 255.710;13.579;474.1137;24.11446;0.2528;0.0039355;3.66684567;3.14441772;83.615334;2.72811E-002;8015.3657;25.66557;0000
2457266.62294;3UCAC279-155969          ;V     ;296.677605; 49.138151;296.677589; 49.138138; 557.373; 679.886;13.583;476.3769;24.11446;0.2528;0.0046538;3.95290611;3.31815835;84.914603;2.70184E-002;10618.770;33.55688;0000
2457266.62294;3UCAC278-156361          ;V     ;296.430229; 48.948881;296.430291; 48.948856;1158.602; 174.514;13.585;472.8329;24.11446;0.2528;0.0027082;3.77402645;3.05689226;80.418735;4.03272E-002;5813.7671;18.82969;0000
2457266.62294;3UCAC279-156080          ;V     ;296.730152; 49.061461;296.730115; 49.061438; 797.897; 790.875;13.587;475.1270;24.11446;0.2528;0.0036985;3.58438293;2.95236026;76.630372;2.94405E-002;6933.3327;22.32504;0000
2457266.62294;3UCAC279-155689          ;V     ;296.511578; 49.040160;296.511601; 49.040213; 869.315; 340.337;13.597;473.8716;24.11446;0.2528;0.0039982;3.52781193;3.05285684;90.564233;2.90962E-002;7925.4673;25.38942;0000
2457266.62294;3UCAC279-156028          ;V     ;296.703183; 49.136858;296.703125; 49.136818; 560.957; 732.565;13.603;476.3881;24.11446;0.2528;0.0044377;3.79026630;3.25822386;74.052789;2.63277E-002;9201.9917;29.28758;0000
2457266.62294;3UCAC279-156190          ;V     ;296.793230; 49.063523;296.793198; 49.063514; 789.808; 921.022;13.619;474.8332;24.11446;0.2528;0.0040353;3.80485046;3.17010986;60.104731;2.91117E-002;8472.3477;27.06552;0000
2457266.62294;3UCAC278-156694          ;V     ;296.620029; 48.905512;296.620049; 48.905754;1291.007; 568.475;13.629;473.7447;24.11446;0.2528;0.0023304;3.51438525;3.19437939;111.72208;5.14037E-002;5070.1883;16.48580;0000
2457266.62294;3UCAC279-155929          ;V     ;296.652775; 49.193629;296.652604; 49.193932; 382.075; 626.585;13.672;478.7277;24.11446;0.2528;0.0015675;5.03120716;4.11273820;167.09578;8.78506E-002;5728.5761;18.56207;0004
2457266.62294;3UCAC278-156838          ;V     ;296.706792; 48.965392;296.706851; 48.965416;1101.069; 746.168;13.699;474.5437;24.11446;0.2528;0.0031065;3.79744539;2.76930157;71.848280;4.06977E-002;6361.3531;20.54430;0000
2457266.62294;3UCAC279-156034          ;V     ;296.706040; 49.181937;296.705963; 49.181828; 419.037; 736.863;13.786;478.1210;24.11446;0.2528;0.0033709;3.95879276;3.40606060;62.239062;3.65841E-002;8548.0884;27.29693;0000
2457266.62294;3UCAC279-155733          ;V     ;296.539100; 49.126836;296.539067; 49.126827; 595.835; 394.675;13.788;475.1205;24.11446;0.2528;0.0024744;4.10859917;3.20183045;79.043848;4.70961E-002;6227.6424;20.12651;0000
2457266.62294;3UCAC278-156611          ;V     ;296.569891; 48.876177;296.570000; 48.876191;1385.183; 465.683;13.797;472.7755;24.11446;0.2528;0.0031600;3.81669220;2.77480131;77.150053;3.87478E-002;6145.6930;19.87017;0000
2457266.62294;3UCAC279-155775          ;V     ;296.563532; 49.021977;296.563591; 49.022023; 925.686; 448.233;13.829;474.0389;24.11446;0.2528;0.0034689;3.46566322;2.83683592;72.490146;3.13661E-002;6932.4853;22.32241;0000
2457266.62294;3UCAC279-156152          ;V     ;296.764272; 49.008293;296.764164; 49.008397; 964.243; 863.123;13.845;474.5397;24.11446;0.2528;0.0019527;4.02700232;3.12001967;71.662473;5.56686E-002;4845.9372;15.77535;0000
2457266.62294;3UCAC279-156005          ;V     ;296.691278; 49.086894;296.691427; 49.086770; 718.956; 710.150;13.863;475.4147;24.11446;0.2528;0.0017274;4.13566179;2.98023067;77.927433;6.89819E-002;3998.9057;13.07677;0000
2457266.62294;3UCAC279-156108          ;V     ;296.744705; 49.140459;296.744589; 49.140415; 548.646; 817.902;13.867;476.4046;24.11446;0.2528;0.0033522;3.47194804;3.16623218;75.978236;3.69660E-002;6945.5165;22.36286;0000
2457266.62294;3UCAC279-156061          ;V     ;296.720765; 49.156607;296.720723; 49.156637; 498.085; 768.143;13.883;476.9928;24.11446;0.2528;0.0033598;3.76994499;3.20947041;66.002153;3.80104E-002;7981.2599;25.56083;0000
2457266.62294;3UCAC279-156198          ;V     ;296.802905; 49.197306;296.802865; 49.197180; 368.299; 935.826;13.893;478.6930;24.11446;0.2528;0.0030306;4.17443334;3.55158060;67.383666;4.12780E-002;7755.5283;24.86671;0000
2457266.62294;3UCAC279-156082          ;V     ;296.730115; 49.270861;296.728660; 49.269654; 141.710; 780.489;13.903;487.3117;24.11446;0.2528;0.0374342;1.19568634;0.21739613;161.73450;6.45976E-003;7751.9836;24.85580;0004
2457266.62294;3UCAC278-156987          ;V     ;296.789034; 48.919460;296.789025; 48.919455;1243.931; 917.878;13.907;473.2734;24.11446;0.2528;0.0033788;4.28138951;3.15302076;63.662747;3.23732E-002;7417.9557;23.82572;0000
2457266.62294;3UCAC279-155697          ;V     ;296.517579; 49.074139;296.517509; 49.073428; 764.525; 351.652;13.908;474.1438;24.11446;0.2528;0.0012971;5.26488337;3.55504881;17.857156;8.55197E-002;3957.3922;12.94389;0004
2457266.62294;3UCAC279-156135          ;V     ;296.754157; 49.208778;296.754115; 49.208666; 333.315; 835.045;13.928;479.6884;24.11446;0.2528;0.0025115;4.14676029;3.63870016;56.779410;4.47203E-002;6212.2160;20.07827;0000
2457266.62294;3UCAC279-155982          ;V     ;296.682024; 49.277568;296.681981; 49.277468; 118.150; 684.269;13.949;488.9654;24.11446;0.2528;0.0021249;4.59392053;3.92427358;63.043681;5.57543E-002;6759.2320;21.78411;0000
2457266.62294;3UCAC279-155640          ;V     ;296.479899; 49.019989;296.481875; 49.020962; 930.505; 279.429;13.950;473.6676;24.11446;0.2528;0.0098067;0.42443158;0.41000126; 0.000000;2.60576E-002;6080.3611;19.66566;0004
2457266.62294;3UCAC279-155808          ;V     ;296.575703; 49.042430;296.575702; 49.042484; 860.966; 472.659;13.955;474.2327;24.11446;0.2528;0.0026031;3.52391291;2.69362594;64.290149;4.53106E-002;4585.2170;14.94728;0000
2457266.62294;3UCAC279-155787          ;V     ;296.566736; 49.190412;296.566816; 49.190391; 394.978; 450.057;13.987;477.9189;24.11446;0.2528;0.0017773;3.92938893;3.24398118;57.088765;6.42994E-002;4417.9640;14.41487;0000
2457266.62294;3UCAC279-156210          ;V     ;296.818455; 49.088255;296.818474; 49.088210; 711.327; 972.231;14.039;475.0796;24.11446;0.2528;0.0027488;3.80159992;3.17049592;58.819475;4.52621E-002;6129.5665;19.81970;0000
2457266.62294;3UCAC278-156891          ;V     ;296.732379; 48.846295;296.732503; 48.846277;1475.954; 803.468;14.126;471.6079;24.11446;0.2528;0.0022141;4.54880088;3.00754323;70.184194;5.55896E-002;5558.8385;18.02814;0000
2457266.62294;3UCAC279-155518          ;V     ;296.393684; 49.087772;296.393709; 49.087785; 721.282;  95.827;14.126;472.6242;24.11446;0.2528;0.0023864;3.94658220;3.01777058;82.515457;4.77349E-002;5383.9670;17.47709;0000
2457266.62294;3UCAC279-155633          ;V     ;296.473859; 49.070026;296.473915; 49.070065; 775.878; 261.762;14.146;473.9025;24.11446;0.2528;0.0030313;3.52421222;3.02463035;75.673848;3.54030E-002;6121.9091;19.79573;0000
2457266.62294;3UCAC279-156201          ;V     ;296.809694; 49.196940;296.809706; 49.196889; 369.042; 949.921;14.158;478.6789;24.11446;0.2528;0.0017704;4.41542771;3.77513755;96.365879;6.16876E-002;5474.3405;17.76200;0000
2457266.62294;3UCAC279-156178          ;V     ;296.784435; 49.093387;296.784465; 49.093332; 696.053; 901.868;14.159;475.2571;24.11446;0.2528;0.0031525;3.67008513;2.97030655;62.237552;3.66503E-002;5971.2124;19.32367;0000
2457266.62294;3UCAC278-156991          ;V     ;296.793330; 48.874993;296.793505; 48.874968;1384.024; 928.849;14.178;471.8651;24.11446;0.2528;0.0027167;4.42501835;2.92224971;65.538752;4.57209E-002;6707.5328;21.62330;0000
2457266.62294;3UCAC278-156807          ;V     ;296.692838; 48.914672;296.692888; 48.914688;1261.265; 719.011;14.196;474.1028;24.11446;0.2528;0.0021977;4.28720995;2.73091674;77.253261;5.26676E-002;4740.9925;15.44231;0000
2457266.62294;3UCAC279-155898          ;V     ;296.627499; 49.239786;296.627424; 49.239832; 237.945; 573.308;14.206;482.8305;24.11446;0.2528;0.0014647;4.77687706;3.65866633;28.024322;6.98449E-002;4091.7080;13.37361;0000
2457266.62294;3UCAC279-156184          ;V     ;296.787341; 49.212020;296.787365; 49.211941; 322.172; 903.358;14.209;479.8011;24.11446;0.2528;0.0018990;4.21196474;4.13912751;55.653100;6.14894E-002;5163.5405;16.78106;0000
2457266.62294;3UCAC279-155638          ;V     ;296.478636; 49.113900;296.478604; 49.113923; 637.573; 270.341;14.219;474.4901;24.11446;0.2528;0.0029746;3.46031136;2.92979108;86.164639;3.99716E-002;5665.3125;18.36318;0000
2457266.62294;3UCAC279-155513          ;V     ;296.390926; 49.019336;296.390929; 49.019380; 936.918;  91.557;14.258;472.1117;24.11446;0.2528;0.0021877;4.11055018;3.25411641;95.402288;4.69347E-002;4909.1319;15.97573;0000
2457266.62294;3UCAC279-155820          ;V     ;296.588728; 49.255607;296.588723; 49.255599; 189.037; 493.233;14.268;484.8231;24.11446;0.2528;0.0015373;4.39248617;3.68075844;53.931503;7.64769E-002;4195.4867;13.70521;0000
2457266.62294;3UCAC279-156116          ;V     ;296.747570; 49.067179;296.747507; 49.067167; 779.426; 826.572;14.280;475.1220;24.11446;0.2528;0.0020310;4.03582558;3.06348040;64.131837;5.42828E-002;4905.1579;15.96313;0000
2457266.62294;3UCAC279-155533          ;V     ;296.401400; 49.264704;296.401209; 49.264737; 163.459; 107.436;14.313;484.1600;24.11446;0.2528;0.0012614;4.30060358;3.65502081;158.67117;8.56152E-002;3664.0371;12.00323;0000
2457266.62294;3UCAC279-155962          ;V     ;296.675426; 49.288184;296.675386; 49.288041;  84.975; 670.361;14.330;491.2496;24.11446;0.2528;0.0012847;4.38522587;4.19253127;72.503794;8.71583E-002;4370.5514;14.26377;0000
2457266.62294;3UCAC278-156895          ;V     ;296.733961; 48.868158;296.734020; 48.868129;1407.047; 805.834;14.349;472.6561;24.11446;0.2528;0.0021703;4.32183392;2.55688773;65.356991;5.35046E-002;4509.9723;14.70787;0002
2457266.62294;3UCAC279-156036          ;V     ;296.707060; 49.013064;296.706967; 49.013075; 950.862; 744.761;14.353;474.8054;24.11446;0.2528;0.0017295;3.43891583;2.84342262;65.094010;6.11919E-002;2696.5690; 8.88007;0008
2457266.62294;3UCAC279-155893          ;V     ;296.624475; 49.222198;296.624447; 49.222105; 293.876; 567.736;14.366;480.8477;24.11446;0.2528;0.0018776;3.86767584;3.54344301;75.136969;7.04475E-002;4716.5682;15.36475;0001
2457266.62294;3UCAC279-156104          ;V     ;296.743588; 49.238511;296.743559; 49.238436; 239.746; 812.244;14.370;482.6241;24.11446;0.2528;0.0017656;4.50761478;3.70260112;67.865108;6.35073E-002;4725.1781;15.39209;0000
2457266.62294;3UCAC279-155890          ;V     ;296.623256; 49.279314;296.623147; 49.279291; 113.671; 563.285;14.378;489.2744;24.11446;0.2528;0.0014994;4.48879455;4.18926181;116.77175;7.20080E-002;4706.9146;15.33408;0000
2457266.62294;3UCAC278-156254          ;V     ;296.368974; 48.885028;296.368901; 48.884942;1360.951;  48.800;14.379;468.4542;24.11446;0.2528;0.0017708;4.00778940;3.19273438;89.943997;6.59781E-002;3670.8189;12.02501;0000
2457266.62294;3UCAC279-156100          ;V     ;296.741669; 49.092872;296.741599; 49.092802; 698.778; 813.455;14.391;475.4562;24.11446;0.2528;0.0024459;3.57494484;2.81785110;63.152910;4.55078E-002;4392.2060;14.33279;0000
2457266.62294;3UCAC279-155570          ;V     ;296.424725; 49.062858;296.424763; 49.062859; 799.379; 160.472;14.402;473.3061;24.11446;0.2528;0.0020063;3.43939478;2.64043031;96.663079;5.49272E-002;3376.7763;11.07927;0000
2457266.62294;3UCAC279-155748          ;V     ;296.550070; 49.102286;296.550075; 49.102329; 672.843; 418.056;14.405;474.7009;24.11446;0.2528;0.0022164;3.32282711;3.05587685;96.477850;5.24992E-002;4561.6740;14.87239;0000
2457266.62294;3UCAC279-155494          ;V     ;296.382196; 49.100007;296.382134; 49.100019; 682.887;  71.687;14.450;472.2409;24.11446;0.2528;0.0018484;3.36312441;2.76707292;98.540308;5.71166E-002;3162.6030;10.38854;0000
2457266.62294;3UCAC279-155694          ;V     ;296.514892; 49.199993;296.514818; 49.199963; 365.770; 342.737;14.464;478.2093;24.11446;0.2528;0.0016118;4.12136756;3.55697039;99.992150;6.48083E-002;3811.9890;12.47801;0000
2457266.62294;3UCAC279-156160          ;V     ;296.770209; 49.060810;296.770203; 49.060753; 799.087; 873.656;14.468;474.9370;24.11446;0.2528;0.0019728;3.84731444;2.99544223;66.388985;5.06916E-002;4486.8876;14.63438;0000
2457266.62294;3UCAC279-156031          ;V     ;296.705150; 49.074270;296.705149; 49.074215; 758.211; 738.896;14.492;475.2833;24.11446;0.2528;0.0023432;3.64379836;2.72396681;73.819108;4.94570E-002;4313.8868;14.08309;0000
2457266.62294;3UCAC278-156900          ;V     ;296.735697; 48.888732;296.738752; 48.891762;1332.452; 814.792;14.513;473.3672;24.11446;0.2528;0.0242715;4.15866995;2.88476997;67.717334;9.98701E-003;51668.352;137.5090;0005
2457266.62294;3UCAC278-156950          ;V     ;296.767109; 48.904344;296.767026; 48.904379;1291.998; 872.892;14.531;473.2932;24.11446;0.2528;0.0015963;4.21920068;2.90271843;67.825967;7.34654E-002;3713.5765;12.16229;0000
2457266.62294;3UCAC278-156682          ;V     ;296.615269; 48.950717;296.615304; 48.950735;1149.336; 557.265;14.536;474.1198;24.11446;0.2528;0.0013301;3.46058018;2.71478716;62.933086;8.88213E-002;2051.7427; 6.78034;0008
2457266.62294;3UCAC279-155932          ;V     ;296.654832; 49.113683;296.654775; 49.113650; 635.051; 633.654;14.536;475.6935;24.11446;0.2528;0.0023044;3.54506997;3.04639948;70.514347;4.25410E-002;4337.6118;14.15875;0000
2457266.62294;3UCAC278-157010          ;V     ;296.808947; 48.965462;296.808912; 48.965460;1098.432; 957.263;14.552;473.7274;24.11446;0.2528;0.0017626;3.86123805;3.06338930;61.257862;6.51357E-002;4201.4319;13.72420;0000
2457266.62294;3UCAC278-156483          ;V     ;296.495407; 48.916714;296.495481; 48.916742;1258.745; 310.226;14.564;473.1451;24.11446;0.2528;0.0017508;4.04104823;2.89303067;93.026248;6.17772E-002;3310.8707;10.86689;0000
2457266.62294;3UCAC278-156801          ;V     ;296.686418; 48.944414;296.686494; 48.944419;1167.707; 704.769;14.578;474.4117;24.11446;0.2528;0.0021577;3.81434865;2.59263059;84.543134;5.15625E-002;3391.1912;11.12570;0000
2457266.62294;3UCAC279-155857          ;V     ;296.606485; 49.160886;296.606452; 49.160879; 487.210; 532.567;14.585;476.7132;24.11446;0.2528;0.0015157;4.04465532;3.71684522;48.090356;7.50213E-002;3310.8059;10.86668;0000
2457266.62294;3UCAC279-156093          ;V     ;296.737806; 49.277154;296.737899; 49.277012; 118.302; 799.218;14.592;488.6529;24.11446;0.2528;0.0009491;4.62358531;3.08638912;81.298160;1.12214E-001;2633.9935; 8.67694;0008
2457266.62294;3UCAC279-156117          ;V     ;296.748148; 49.039653;296.748108; 49.039644; 866.154; 828.811;14.611;474.8708;24.11446;0.2528;0.0017982;3.80542814;3.07768209;71.770039;5.67923E-002;2683.7592; 8.83850;0008
2457266.62294;3UCAC279-156155          ;V     ;296.768126; 49.197744;296.768169; 49.197656; 367.672; 864.380;14.611;478.8306;24.11446;0.2528;0.0015049;4.08791160;3.56764672;75.320503;6.78108E-002;3510.5871;11.51002;0000
2457266.62294;3UCAC278-156775          ;V     ;296.671441; 48.974624;296.671433; 48.974646;1072.779; 672.605;14.614;474.5527;24.11446;0.2528;0.0020386;3.68755073;2.79846659;75.189821;5.26832E-002;3500.1596;11.47647;0000
2457266.62294;3UCAC279-156046          ;V     ;296.713721; 49.050235;296.713675; 49.050226; 833.620; 757.327;14.616;475.0548;24.11446;0.2528;0.0018612;3.74517795;2.83764313;64.259716;5.83876E-002;3924.4744;12.83848;0002
2457266.62294;3UCAC278-156765          ;V     ;296.665474; 48.937680;296.665632; 48.937750;1189.192; 661.819;14.627;474.3175;24.11446;0.2528;0.0010280;4.38524391;3.28441288;72.095797;1.11094E-001;1836.6980; 6.07683;0008
2457266.62294;3UCAC278-156980          ;V     ;296.785322; 48.998449;296.785358; 48.998467; 995.010; 907.297;14.633;474.2886;24.11446;0.2528;0.0022104;3.61955537;3.04161996;40.441886;5.07721E-002;3522.7250;11.54906;0000
2457266.62294;3UCAC279-156074          ;V     ;296.726945; 49.134527;296.726900; 49.134471; 567.802; 781.654;14.637;476.3019;24.11446;0.2528;0.0017621;3.79732836;3.27072737;54.860776;5.99557E-002;4051.7632;13.24588;0000
2457266.62294;3UCAC279-155624          ;V     ;296.465890; 49.286792;296.465868; 49.286935;  92.493; 239.830;14.646;490.1187;24.11446;0.2528;0.0008218;4.40144801;4.01445058;58.315202;1.36935E-001;2873.0296; 9.45213;0008
2457266.62294;3UCAC278-156415          ;V     ;296.463040; 48.974629;296.463077; 48.974680;1076.688; 241.720;14.651;473.4024;24.11446;0.2528;0.0017121;3.91897156;2.86461854;84.958939;7.41067E-002;3192.2312;10.48419;0000
2457266.62294;3UCAC278-156943          ;V     ;296.759267; 48.998128;296.759282; 48.998086; 996.859; 853.413;14.651;474.5017;24.11446;0.2528;0.0013859;3.71253364;2.86428710;57.676101;7.70793E-002;3119.1511;10.24822;0000
2457266.62294;3UCAC279-156004          ;V     ;296.690278; 49.211971;296.690222; 49.211856; 324.755; 703.429;14.651;480.1340;24.11446;0.2528;0.0011171;4.14641353;3.21746287;15.934613;8.74712E-002;2827.4540; 9.30448;0008
2457266.62294;3UCAC279-155637          ;V     ;296.478592; 49.228092;296.478478; 49.228107; 277.695; 267.219;14.658;480.4708;24.11446;0.2528;0.0014400;4.59579378;3.93802082;131.72052;8.09867E-002;4125.1713;13.48057;0000
2457266.62294;3UCAC278-156526          ;V     ;296.522973; 48.882599;296.523015; 48.882648;1365.713; 368.151;14.665;472.6376;24.11446;0.2528;0.0016080;4.02994524;3.12418303;75.678654;6.61204E-002;3307.4449;10.85584;0000
2457266.62294;3UCAC279-155476          ;V     ;296.374077; 49.038584;296.374033; 49.038567; 876.684;  56.250;14.685;471.3574;24.11446;0.2528;0.0015779;4.01007551;2.85863175;82.851826;7.15919E-002;3381.8382;11.09557;0000
2457266.62294;3UCAC278-156793          ;V     ;296.681881; 48.957528;296.681887; 48.957604;1126.256; 694.794;14.697;474.4928;24.11446;0.2528;0.0020302;3.47862613;2.42609935;65.204670;5.94246E-002;3025.6026; 9.94588;0008
2457266.62294;3UCAC279-156000          ;V     ;296.689653; 49.282536;296.689661; 49.282440; 102.311; 699.885;14.698;489.9804;24.11446;0.2528;0.0011514;5.00320954;4.14058791;60.152190;9.77333E-002;3733.4924;12.22621;0000
2457266.62294;3UCAC279-155951          ;V     ;296.670539; 49.163812;296.670457; 49.163737; 476.851; 664.340;14.730;477.2253;24.11446;0.2528;0.0012925;4.41417615;3.53532124;67.543010;7.57958E-002;3094.3595;10.16812;0000
2457266.62294;3UCAC279-156195          ;V     ;296.801246; 49.023525;296.801288; 49.023560; 915.522; 939.259;14.736;474.3879;24.11446;0.2528;0.0017174;4.06535727;2.85741108;78.111009;6.46163E-002;3427.3574;11.24217;0000
2457266.62294;3UCAC279-155950          ;V     ;296.670108; 49.255560;296.670065; 49.255497; 187.661; 660.502;14.738;485.1149;24.11446;0.2528;0.0014053;4.28757458;3.62027454;19.954846;8.71480E-002;3520.5868;11.54218;0000
2457266.62294;3UCAC279-155670          ;V     ;296.502214; 49.247112;296.502075; 49.247114; 217.387; 315.276;14.746;483.0265;24.11446;0.2528;0.0011914;4.80057764;3.63574744;73.517051;9.40589E-002;3434.8657;11.26634;0000
2457266.62294;3UCAC279-155613          ;V     ;296.450702; 49.214554;296.450601; 49.214609; 320.696; 210.185;14.748;478.8192;24.11446;0.2528;0.0011474;3.85146959;3.59980225;147.60713;9.79639E-002;2814.8247; 9.26356;0008
2457266.62294;3UCAC279-155833          ;V     ;296.593354; 49.226768;296.593423; 49.226828; 279.622; 503.756;14.759;481.1333;24.11446;0.2528;0.0011271;3.94729357;3.67579269;34.863182;8.88565E-002;2673.5848; 8.80548;0008
2457266.62294;3UCAC279-155737          ;V     ;296.541229; 49.282325;296.541177; 49.282384; 105.523; 394.721;14.778;489.5650;24.11446;0.2528;0.0009102;4.96596678;3.96561739;45.963847;1.30763E-001;2954.2019; 9.71492;0008
2457266.62294;3UCAC278-156543          ;V     ;296.528127; 48.912887;296.528162; 48.912929;1270.182; 377.994;14.786;473.2645;24.11446;0.2528;0.0017073;3.86720856;2.86172344;98.723174;7.20132E-002;3225.5381;10.59168;0000
2457266.62294;3UCAC278-156558          ;V     ;296.538909; 48.918342;296.538912; 48.918324;1252.980; 400.103;14.786;473.3877;24.11446;0.2528;0.0019720;3.52433692;2.72515860;62.188799;5.56610E-002;3718.6293;12.17851;0000
2457266.62294;3UCAC278-156932          ;V     ;296.750888; 48.854890;296.751043; 48.854931;1448.233; 841.592;14.795;471.7870;24.11446;0.2528;0.0013381;4.37014469;3.04727041;69.638694;8.13486E-002;3057.0286;10.04748;0000
2457266.62294;3UCAC279-155690          ;V     ;296.511976; 49.106536;296.512016; 49.106510; 660.360; 339.441;14.812;474.5490;24.11446;0.2528;0.0014108;3.72721196;3.32767443;45.418805;8.31158E-002;4023.0619;13.15406;0000
2457266.62294;3UCAC279-155595          ;V     ;296.436565; 49.071744;296.436544; 49.071750; 771.174; 184.585;14.814;473.5645;24.11446;0.2528;0.0114313;3.73156376;3.09114491;87.143638;1.79607E-002;25303.380;74.67423;0000
2457266.62294;3UCAC279-155598          ;V     ;296.438768; 49.082807;296.438768; 49.082838; 736.191; 188.917;14.814;473.6918;24.11446;0.2528;0.0015429;3.89974064;3.01593893;107.49727;6.50496E-002;3281.5540;10.77237;0000
2457266.62294;3UCAC279-155695          ;V     ;296.517162; 49.099716;296.517125; 49.099703; 681.723; 350.159;14.827;474.4664;24.11446;0.2528;0.0017812;3.68616659;2.92987367;66.925831;6.27696E-002;3192.8866;10.48631;0000
2457266.62294;3UCAC279-156027          ;V     ;296.702976; 49.239068;296.702937; 49.239002; 238.910; 728.664;14.840;482.8510;24.11446;0.2528;0.0010670;4.20325645;4.04385760;47.123206;9.82328E-002;2619.0512; 8.62842;0008
2457266.62294;3UCAC279-155507          ;V     ;296.389757; 49.219041;296.389521; 49.219027; 307.695;  84.383;14.845;477.5707;24.11446;0.2528;0.0010024;4.38123063;3.63690477;112.43365;1.10404E-001;2634.5132; 8.67863;0008
2457266.62294;3UCAC279-155977          ;V     ;296.680273; 49.264124;296.680299; 49.263969; 160.734; 681.263;14.847;486.4730;24.11446;0.2528;0.0012417;3.42830092;3.18101961;42.379521;2.15815E-001;4246.8649;13.86924;0002
2457266.62294;3UCAC279-156026          ;V     ;296.702615; 49.177800;296.702603; 49.177714; 432.079; 730.083;14.848;477.9117;24.11446;0.2528;0.0014693;3.31302257;3.03083395;10.650480;7.91044E-002;2867.9473; 9.43567;000a
2457266.62294;3UCAC279-155603          ;V     ;296.444298; 49.010867;296.444442; 49.010944; 962.694; 202.324;14.864;473.3651;24.11446;0.2528;0.0014361;3.76214852;2.80935543;70.176695;7.89315E-002;2008.9167; 6.64037;0008
2457266.62294;3UCAC279-155793          ;V     ;296.570122; 49.281581;296.570173; 49.281467; 107.869; 454.341;14.866;489.5081;24.11446;0.2528;0.0008012;4.52243696;3.72398578;129.71432;1.37264E-001;2530.8983; 8.34199;0008
2457266.62294;3UCAC279-155846          ;V     ;296.600112; 49.072932;296.600101; 49.072900; 764.620; 522.130;14.894;474.6789;24.11446;0.2528;0.0016315;3.08945145;2.80408712;78.254146;8.17682E-002;3503.8514;11.48835;0000
2457266.62294;3UCAC279-155853          ;V     ;296.604025; 49.087635;296.604009; 49.087649; 718.056; 529.751;14.901;474.8891;24.11446;0.2528;0.0015764;3.50929191;2.81559358;40.831583;7.71658E-002;2974.4011; 9.78027;0008
2457266.62294;3UCAC279-155505          ;V     ;296.388538; 49.294968;296.388407; 49.295020;  68.198;  80.471;14.906;490.2618;24.11446;0.2528;0.0008527;4.81241766;3.85399706;33.866864;1.41385E-001;2915.8313; 9.59072;0008
2457266.62294;3UCAC278-156865          ;V     ;296.717878; 48.971426;296.717912; 48.971471;1081.728; 768.834;14.911;474.5552;24.11446;0.2528;0.0019248;3.34564937;2.64512749;74.266322;5.70881E-002;2862.3382; 9.41750;0008
2457266.62294;3UCAC278-157017          ;V     ;296.812848; 48.901265;296.812908; 48.901237;1300.736; 968.030;14.919;472.4183;24.11446;0.2528;0.0010188;5.53111820;3.29392558;66.305887;1.14396E-001;2942.2162; 9.67613;0008
2457266.62294;3UCAC279-155916          ;V     ;296.643044; 49.096362;296.643100; 49.096413; 689.627; 610.128;14.920;475.3183;24.11446;0.2528;0.0014322;3.86772250;2.82510023;80.630134;8.07612E-002;2913.0582; 9.58175;0008
2457266.62294;3UCAC279-156014          ;V     ;296.696255; 49.108561;296.696217; 49.108524; 650.288; 719.291;14.933;475.7574;24.11446;0.2528;0.0012982;3.37237488;3.08076274;68.184901;8.95985E-002;2619.1967; 8.62889;0008
2457266.62294;3UCAC279-156044          ;V     ;296.712241; 49.175525;296.712226; 49.175513; 438.795; 749.978;14.936;477.7952;24.11446;0.2528;0.0013748;3.89541485;3.56514303;43.027920;8.01559E-002;3130.4990;10.28487;0000
2457266.62294;3UCAC279-155526          ;V     ;296.397887; 49.068962;296.397917; 49.069014; 780.381; 104.918;14.947;472.6301;24.11446;0.2528;0.0014353;3.87767548;2.99521684;67.220786;7.52935E-002;3180.0202;10.44478;0000
2457266.62294;3UCAC279-155884          ;V     ;296.620531; 49.042153;296.620627; 49.042072; 861.364; 565.451;14.948;474.5756;24.11446;0.2528;0.0013330;4.37750783;3.49674268;133.71559;1.07312E-001;3701.1295;12.12233;0000
2457266.62294;3UCAC278-156883          ;V     ;296.728095; 48.868407;296.728263; 48.868424;1406.254; 793.893;14.952;472.7376;24.11446;0.2528;0.0013382;4.33455987;2.93075867;66.011098;8.37897E-002;2850.8552; 9.38030;000a
2457266.62294;3UCAC278-156274          ;V     ;296.380240; 48.977878;296.380231; 48.977897;1067.815;  70.322;14.961;471.3574;24.11446;0.2528;0.0160585;3.80015334;3.05764417;80.871939;1.01310E-002;33098.890;94.52391;0000
2457266.62294;3UCAC278-157000          ;V     ;296.803577; 48.882740;296.803559; 48.882706;1359.381; 949.383;14.962;471.9642;24.11446;0.2528;0.0009907;4.92067447;2.87475271;69.821141;1.14237E-001;2016.4306; 6.66493;0008
2457266.62294;3UCAC279-155707          ;V     ;296.523905; 49.128859;296.524012; 49.128794; 589.911; 363.581;14.976;475.0751;24.11446;0.2528;0.0011264;3.90933859;2.87052875;109.61575;9.54254E-002;2238.6877; 7.39059;0008
2457266.62294;3UCAC278-156556          ;V     ;296.537950; 48.898112;296.537901; 48.898187;1316.466; 398.564;14.977;473.0839;24.11446;0.2528;0.0015276;4.17869991;2.65199199;76.625253;6.97629E-002;3184.7758;10.46013;0000
2457266.62294;3UCAC279-155648          ;V     ;296.485821; 49.015315;296.485934; 49.015341; 948.153; 287.959;14.982;473.6648;24.11446;0.2528;0.0265716;3.66736544;2.94228896;79.590424;8.26282E-003;51189.947;136.4672;0000
2457266.62294;3UCAC279-156112          ;V     ;296.745831; 49.230723;296.745870; 49.230666; 264.178; 817.277;14.986;481.7391;24.11446;0.2528;0.0009366;4.66329836;3.60748525; 9.644478;1.23245E-001;2696.2958; 8.87918;0008
2457266.62294;3UCAC278-156498          ;V     ;296.499537; 48.871838;296.499547; 48.871879;1400.074; 319.807;14.989;472.1241;24.11446;0.2528;0.0015712;3.64132000;2.55604583;91.182647;6.75893E-002;2633.8549; 8.67649;0008
2457266.62294;3UCAC278-156785          ;V     ;296.675858; 48.963135;296.676009; 48.963152;1108.902; 682.450;14.999;474.5103;24.11446;0.2528;0.0014390;3.58723673;3.03237955;60.121797;7.76284E-002;2679.3283; 8.82412;0008
2457266.62294;3UCAC279-155572          ;V     ;296.425360; 49.294672;296.425274; 49.294721;  68.595; 156.230;15.006;491.4229;24.11446;0.2528;0.0008612;4.40678772;3.92047914;14.957497;1.30704E-001;2089.7473; 6.90450;0008
2457266.62294;3UCAC278-156622          ;V     ;296.577960; 48.862501;296.577987; 48.862398;1428.501; 482.636;15.013;472.3663;24.11446;0.2528;0.0013307;3.90289629;2.81384644;88.718300;8.60975E-002;2422.8833; 7.99066;0008
2457266.62294;3UCAC279-155711          ;V     ;296.525326; 49.278845;296.525230; 49.278806; 117.090; 362.042;15.013;488.7079;24.11446;0.2528;0.0009634;4.34170344;4.03643171;41.963085;1.06738E-001;2822.8268; 9.28949;0008
2457266.62294;3UCAC279-155920          ;V     ;296.646615; 49.052018;296.646591; 49.051821; 830.091; 618.759;15.021;474.8391;24.11446;0.2528;0.0018231;4.29975802;2.68215593;19.851359;7.38097E-002;3902.5677;12.76832;0000
2457266.62294;3UCAC279-155528          ;V     ;296.398230; 49.145653;296.398144; 49.145683; 538.735; 103.722;15.028;473.8066;24.11446;0.2528;0.0012437;4.14605325;3.25732807;69.727820;9.14338E-002;3018.0789; 9.92155;0008
2457266.62294;3UCAC278-156253          ;V     ;296.367967; 48.947777;296.367951; 48.947811;1162.811;  45.544;15.049;470.2243;24.11446;0.2528;0.0010070;3.37528426;2.92674685;120.09184;1.14875E-001;2265.4936; 7.47799;0008
2457266.62294;3UCAC279-156177          ;V     ;296.784030; 49.269041;296.783926; 49.268923; 142.671; 894.127;15.052;486.9053;24.11446;0.2528;0.0007358;4.44750254;3.90585503; 3.943369;1.47307E-001;2150.1108; 7.10160;0008
2457266.62294;3UCAC278-156353          ;V     ;296.424838; 48.918981;296.424924; 48.919024;1252.710; 164.088;15.054;472.3158;24.11446;0.2528;0.0012928;3.73785721;2.78016570;85.264737;8.17909E-002;2442.8252; 8.05555;0008
2457266.62294;3UCAC279-156030          ;V     ;296.703820; 49.261307;296.703770; 49.261192; 168.957; 729.615;15.054;485.9675;24.11446;0.2528;0.0008916;4.58765299;3.83771312;117.50889;1.38853E-001;2764.6070; 9.10077;0008
2457266.62294;3UCAC279-155778          ;V     ;296.563769; 49.245618;296.563630; 49.245592; 221.062; 441.920;15.058;483.2060;24.11446;0.2528;0.0007990;4.59036029;4.55104436;99.966286;1.27253E-001;2827.5990; 9.30495;0008
2457266.62294;3UCAC279-155563          ;V     ;296.422155; 49.003504;296.421954; 49.003546; 986.362; 156.020;15.059;472.9880;24.11446;0.2528;0.0008769;4.17756812;3.35169244;72.836169;1.23264E-001;2773.4247; 9.12936;0008
2457266.62294;3UCAC279-155901          ;V     ;296.630914; 49.000760;296.631030; 49.000792; 991.247; 588.231;15.064;474.4360;24.11446;0.2528;0.0012163;3.98393487;2.57133188;81.518239;9.36691E-002;2257.6646; 7.45247;0008
2457266.62294;3UCAC279-156132          ;V     ;296.753290; 49.270340;296.753225; 49.270238; 139.283; 830.967;15.067;487.2811;24.11446;0.2528;0.0008046;4.90756403;3.25938812;73.366204;1.37558E-001;1941.2937; 6.41921;0008
2457266.62294;3UCAC279-155569          ;V     ;296.424578; 49.172838;296.424604; 49.172912; 452.520; 157.633;15.068;475.5879;24.11446;0.2528;0.0011686;4.19052880;3.42673032;58.027766;9.05666E-002;2910.5555; 9.57364;0008
2457266.62294;3UCAC278-156456          ;V     ;296.484874; 48.908785;296.484957; 48.908831;1283.862; 288.637;15.073;472.9580;24.11446;0.2528;0.0017525;3.18502581;2.58612938;48.199563;7.46771E-002;2667.1471; 8.78458;0008
2457266.62294;3UCAC279-156018          ;V     ;296.698177; 49.174939;296.698235; 49.174875; 441.124; 721.185;15.093;477.7734;24.11446;0.2528;0.0011759;3.81968883;3.08822791;81.826449;1.00768E-001;2321.4701; 7.66043;000a
2457266.62294;3UCAC279-155861          ;V     ;296.609262; 49.117678;296.609314; 49.117664; 623.352; 539.782;15.096;475.4448;24.11446;0.2528;0.0010718;3.52211399;3.30956632;50.821876;1.00486E-001;2301.1753; 7.59430;0008
2457266.62294;3UCAC279-155539          ;V     ;296.403513; 49.284668;296.403308; 49.284721; 100.443; 111.314;15.102;488.3265;24.11446;0.2528;0.0006750;5.18592752;4.14286116;29.618135;1.60101E-001;2590.0961; 8.53437;0008
2457266.62294;3UCAC278-156468          ;V     ;296.488570; 48.892867;296.488651; 48.892822;1334.254; 296.694;15.105;472.6590;24.11446;0.2528;0.0009262;4.34651803;2.62110786;70.321837;1.22094E-001;1802.6824; 5.96539;0008
2457266.62294;3UCAC278-156595          ;V     ;296.561469; 48.846603;296.559839; 48.845376;1482.501; 445.504;15.107;471.4309;24.11446;0.2528;0.0135020;0.35096208;0.29828889; 3.458035;2.04279E-002;7294.8521;23.44522;0004
2457266.62294;3UCAC278-156842          ;V     ;296.708172; 48.863035;296.708285; 48.863043;1423.682; 752.676;15.110;472.7104;24.11446;0.2528;0.0009846;4.77276524;2.47998822;74.525174;1.09715E-001;2293.1409; 7.56811;0008
2457266.62294;3UCAC279-155635          ;V     ;296.477390; 49.029312;296.477494; 49.029315; 904.251; 270.167;15.117;473.6798;24.11446;0.2528;0.0013381;3.34892902;2.80573401;73.123242;7.78495E-002;2687.3631; 8.85019;0008
2457266.62294;3UCAC279-156199          ;V     ;296.806550; 49.028479;296.806532; 49.028455; 899.958; 949.904;15.124;474.4035;24.11446;0.2528;0.0014310;3.91545037;2.67218518;72.253374;7.54232E-002;2872.0464; 9.44895;0008
2457266.62294;3UCAC279-156050          ;V     ;296.715426; 49.052945;296.715340; 49.052881; 825.214; 760.673;15.136;475.0758;24.11446;0.2528;0.0012497;3.81814766;2.92275034;45.022341;8.61705E-002;2717.2022; 8.94701;000a
2457266.62294;3UCAC279-155658          ;V     ;296.492916; 49.279540;296.492898; 49.279490; 115.503; 295.570;15.141;488.6627;24.11446;0.2528;0.0004743;5.21734303;3.71888912;70.237724;2.34127E-001;1356.6592; 4.50043;0008
2457266.62294;3UCAC279-155959          ;V     ;296.675014; 49.201897;296.674916; 49.201816; 356.740; 672.259;15.153;479.3417;24.11446;0.2528;0.0009087;4.97928907;3.36396601;73.002613;1.16819E-001;2275.2682; 7.50986;0008
2457266.62294;3UCAC279-155654          ;V     ;296.491190; 49.192042;296.491087; 49.192053; 391.114; 294.085;15.174;477.4978;24.11446;0.2528;0.0008369;4.50302290;3.98412792;79.646707;1.35351E-001;2552.5637; 8.41241;0008
2457266.62294;3UCAC279-155557          ;V     ;296.420079; 49.223371;296.419910; 49.223313; 293.738; 146.824;15.179;479.0581;24.11446;0.2528;0.0008249;4.71518571;3.60765198;164.84843;1.35484E-001;2321.0716; 7.65913;0008
2457266.62294;3UCAC279-155682          ;V     ;296.509039; 49.194990;296.508922; 49.194977; 381.591; 330.730;15.194;477.8180;24.11446;0.2528;0.0010132;4.16285617;2.91195387;109.56136;1.14551E-001;2546.3263; 8.39214;0008
2457266.62294;3UCAC279-156103          ;V     ;296.743241; 49.104425;296.743274; 49.104378; 662.253; 816.491;15.194;475.6275;24.11446;0.2528;0.0014945;3.63595759;2.72511758;61.238845;8.24061E-002;1919.8848; 6.34916;0008
2457266.62294;3UCAC279-155888          ;V     ;296.621760; 49.219796;296.624447; 49.222105; 293.876; 567.736;15.197;480.8477;24.11446;0.2528;0.0018776;3.86767584;3.54344301;75.136969;7.04475E-002;4716.5682;15.36475;0005
2457266.62294;3UCAC279-155491          ;V     ;296.380040; 49.264851;296.379853; 49.264884; 163.300;  63.525;15.201;483.2076;24.11446;0.2528;0.0006870;4.71319903;3.90868573;55.899930;1.61420E-001;2009.5134; 6.64232;0008
2457266.62294;3UCAC279-155991          ;V     ;296.684878; 49.125090;296.684923; 49.125083; 598.352; 695.441;15.201;476.0685;24.11446;0.2528;0.0012520;3.88206441;3.11376643;59.333727;8.29526E-002;1812.8764; 5.99879;0008
2457266.62294;3UCAC279-155520          ;V     ;296.394502; 49.076448;296.394421; 49.076473; 756.922;  97.540;15.219;472.5546;24.11446;0.2528;0.0010003;3.42904457;2.87656035;13.544743;1.07484E-001;2023.4970; 6.68803;0008
2457266.62294;3UCAC279-155493          ;V     ;296.381027; 49.119028;296.381007; 49.119069; 622.863;  68.962;15.225;472.4566;24.11446;0.2528;0.0008488;4.48899660;3.66991769;58.666077;1.25989E-001;2118.1786; 6.99735;0008
2457266.62294;3UCAC278-156909          ;V     ;296.739948; 48.985063;296.739934; 48.985106;1038.234; 813.886;15.226;474.5430;24.11446;0.2528;0.0009731;4.00645206;2.91851106;83.070273;1.21198E-001;1696.3530; 5.61680;0008
2457266.62294;3UCAC279-155625          ;V     ;296.468992; 49.112832;296.468969; 49.112869; 641.053; 250.497;15.227;474.4023;24.11446;0.2528;0.0013655;3.60316296;2.61570595;87.920965;9.34430E-002;2873.9001; 9.45495;0008
2457266.62294;3UCAC279-156187          ;V     ;296.787490; 49.007569;296.787468; 49.007548; 966.336; 911.316;15.229;474.3477;24.11446;0.2528;0.0049253;3.82697892;2.93077236;70.336512;2.75263E-002;10593.968;33.48265;0000
2457266.62294;3UCAC279-155541          ;V     ;296.407490; 49.196677;296.407472; 49.196718; 377.748; 121.818;15.234;476.4724;24.11446;0.2528;0.0005728;5.78379263;4.12152626;100.23861;1.94263E-001;1339.1880; 4.44290;0008
2457266.62294;3UCAC279-155704          ;V     ;296.521507; 49.032455;296.521574; 49.032539; 893.324; 361.142;15.240;473.8723;24.11446;0.2528;0.0013668;3.22560830;2.72329122;79.696059;8.76988E-002;2067.4774; 6.83175;0008
2457266.62294;3UCAC278-156404          ;V     ;296.454992; 48.863664;296.455019; 48.863668;1426.702; 227.730;15.248;471.2241;24.11446;0.2528;0.0011379;4.02426840;2.89383481;69.644863;1.07659E-001;2320.1741; 7.65620;0008
2457266.62294;3UCAC279-155856          ;V     ;296.605827; 49.068902;296.605850; 49.068996; 776.809; 534.115;15.251;474.6844;24.11446;0.2528;0.0010185;4.27780253;2.65128313;75.339645;1.11941E-001;2417.6206; 7.97353;0008
2457266.62294;3UCAC279-156150          ;V     ;296.762228; 49.251189;296.762203; 49.251141; 199.250; 850.127;15.254;484.1696;24.11446;0.2528;0.0007365;4.51728956;3.82462424;58.473097;1.56550E-001;2283.4974; 7.53668;0008
2457266.62294;3UCAC279-155534          ;V     ;296.402130; 49.092543;296.402083; 49.092565; 706.092; 113.003;15.272;472.9737;24.11446;0.2528;0.0009061;3.91249415;2.42710879;45.282970;1.37858E-001;1983.8966; 6.55856;0008
2457266.62294;3UCAC279-156173          ;V     ;296.781603; 49.083215;296.781326; 49.083214; 728.022; 895.774;15.279;475.1325;24.11446;0.2528;0.0007046;4.14751031;3.62207341;80.931280;1.54810E-001;1592.6792; 5.27653;0008
2457266.62294;3UCAC279-156064          ;V     ;296.723126; 49.106873;296.722862; 49.106580; 655.797; 774.313;15.285;475.7212;24.11446;0.2528;0.0006991;4.57429154;2.54039998;73.528490;1.75264E-001;1074.9782; 3.57155;000c
2457266.62294;3UCAC278-156320          ;V     ;296.403373; 48.961226;296.403332; 48.961252;1119.942; 118.460;15.287;472.2368;24.11446;0.2528;0.0011380;3.66777385;2.71006656;60.341857;9.27789E-002;2460.7868; 8.11399;0008
2457266.62294;3UCAC279-156163          ;V     ;296.773099; 49.104003;296.773112; 49.104007; 662.693; 878.049;15.295;475.4822;24.11446;0.2528;0.0005976;4.98246788;3.71217114;52.960286;1.84111E-001;1647.5372; 5.45663;0008
2457266.62294;3UCAC278-156788          ;V     ;296.677378; 48.845781;296.677517; 48.845773;1478.809; 689.482;15.301;472.0332;24.11446;0.2528;0.0010171;4.49877762;2.78093577;68.233767;1.11095E-001;1974.5346; 6.52794;0008
2457266.62294;3UCAC278-156388          ;V     ;296.449067; 48.958268;296.449035; 48.958304;1128.527; 213.071;15.317;473.1871;24.11446;0.2528;0.0011002;3.35395124;3.16360167;70.443918;1.02062E-001;2138.1924; 7.06269;0008
2457266.62294;3UCAC279-155571          ;V     ;296.424990; 49.233865;296.424975; 49.233799; 260.612; 157.007;15.323;480.3307;24.11446;0.2528;0.0007451;4.08460966;3.17075403;54.342642;1.47649E-001;1756.5881; 5.81433;0008
2457266.62294;3UCAC279-155841          ;V     ;296.596600; 49.203152;296.596594; 49.203155; 354.167; 510.989;15.331;479.0263;24.11446;0.2528;0.0008068;3.86139588;3.33629293;48.381639;1.37733E-001;2135.5677; 7.05413;0008
2457266.62294;3UCAC279-155742          ;V     ;296.545154; 49.298660;296.545107; 49.298631;  54.244; 402.345;15.335;493.5517;24.11446;0.2528;0.0005994;6.00358381;4.32336107;67.652274;1.82676E-001;2639.9495; 8.69628;0008
2457266.62294;3UCAC278-156887          ;V     ;296.731251; 48.986633;296.731172; 48.986601;1033.731; 795.719;15.338;474.5973;24.11446;0.2528;0.0008401;3.92234365;2.57589804;55.220357;1.20164E-001;1196.7475; 3.97345;0008
2457266.62294;3UCAC278-156348          ;V     ;296.420506; 48.951644;296.420463; 48.951681;1149.851; 154.113;15.340;472.6481;24.11446;0.2528;0.0008890;3.61544398;3.26421378;87.726539;1.16484E-001;1715.9652; 5.68113;0008
2457266.62294;3UCAC278-156837          ;V     ;296.706565; 48.935757;296.706615; 48.935878;1194.170; 746.698;15.380;474.3202;24.11446;0.2528;0.0008788;3.84784627;3.09722273;71.641940;1.37520E-001;1240.8574; 4.11891;0008
2457266.62294;3UCAC278-156946          ;V     ;296.762009; 48.959455;296.761944; 48.959526;1118.321; 860.336;15.389;474.1739;24.11446;0.2528;0.0011624;3.86655428;2.07465868;69.381289;1.00361E-001;1804.6329; 5.97179;0008
2457266.62294;3UCAC278-156942          ;V     ;296.758361; 48.843551;296.758588; 48.843493;1484.098; 857.651;15.390;470.9689;24.11446;0.2528;0.0005962;6.63186958;2.93439471;69.348403;1.86503E-001;2018.0404; 6.67019;0008
2457266.62294;3UCAC279-156079          ;V     ;296.729350; 49.172698;296.729264; 49.172702; 447.256; 785.170;15.398;477.6244;24.11446;0.2528;0.0008504;3.56798814;3.46573382;82.810560;1.27192E-001;1536.2305; 5.09109;0008
2457266.62294;3UCAC279-155817          ;V     ;296.586688; 49.146227;296.586666; 49.146250; 533.712; 492.234;15.402;476.0207;24.11446;0.2528;0.0010161;4.10360613;2.63544687;56.509640;1.08327E-001;1794.0321; 5.93705;0008
2457266.62294;3UCAC279-155588          ;V     ;296.432301; 49.137343;296.432280; 49.137318; 564.587; 174.267;15.403;474.4855;24.11446;0.2528;0.0006749;4.35922055;3.10191736;101.95125;1.60619E-001;1589.0437; 5.26459;0008
2457266.62294;3UCAC278-156617          ;V     ;296.574388; 48.940454;296.574369; 48.940528;1182.325; 472.866;15.417;473.7820;24.11446;0.2528;0.0008022;4.89736242;3.03875650;60.945613;1.37613E-001;1948.4683; 6.44269;0008
2457266.62294;3UCAC278-156717          ;V     ;296.635004; 48.955084;296.634870; 48.955219;1134.797; 597.606;15.418;474.2735;24.11446;0.2528;0.0009282;3.58648571;3.33551132;117.82578;1.08907E-001;1849.9268; 6.12015;0008
2457266.62294;3UCAC279-155754          ;V     ;296.553359; 49.080807;296.553355; 49.080870; 740.412; 425.427;15.421;474.4220;24.11446;0.2528;0.0010869;3.63320819;2.77285901;73.368200;1.16195E-001;2180.4312; 7.20055;0008
2457266.62294;3UCAC278-156550          ;V     ;296.535528; 48.948236;296.535488; 48.948304;1158.554; 392.191;15.425;473.6121;24.11446;0.2528;0.0010391;3.68029246;2.89868178;105.90948;1.02176E-001;1923.2474; 6.36017;0008
2457266.62294;3UCAC279-155865          ;V     ;296.612262; 49.088402;296.612224; 49.088364; 715.639; 546.680;15.427;474.9656;24.11446;0.2528;0.0008708;3.79695213;2.39619492;68.783760;1.38277E-001;1551.9322; 5.14268;0008
2457266.62294;3UCAC279-156041          ;V     ;296.710527; 49.293536;296.710530; 49.293429;  67.201; 742.394;15.430;492.4150;24.11446;0.2528;0.0004937;5.78521857;3.83649501;60.852184;2.33411E-001;2180.1871; 7.19976;0008
2457266.62294;3UCAC278-156746          ;V     ;296.654413; 48.958228;296.654448; 48.958253;1124.815; 638.011;15.435;474.4004;24.11446;0.2528;0.0008834;3.46881444;2.42560121;86.533642;1.32217E-001;1654.3795; 5.47908;0008
2457266.62294;3UCAC278-156389          ;V     ;296.449391; 48.937894;296.449006; 48.937095;1195.373; 213.516;15.448;473.0080;24.11446;0.2528;0.0118904;1.15740445;0.61545432;125.09328;1.25585E-002;4527.0636;14.76226;0004
2457266.62294;3UCAC278-156284          ;V     ;296.383989; 48.966064;296.384054; 48.966106;1104.924;  78.479;15.450;471.4556;24.11446;0.2528;0.0011166;3.24546082;2.34268980;47.812533;9.41992E-002;1816.2377; 6.00981;0008
2457266.62294;3UCAC279-155589          ;V     ;296.432749; 49.145920;296.432582; 49.145948; 537.381; 174.689;15.450;474.7306;24.11446;0.2528;0.0007480;3.89619141;3.16885801;55.315758;1.47430E-001;1886.3588; 6.23944;0008
2457266.62294;3UCAC279-155940          ;V     ;296.663095; 49.290826;296.663008; 49.290661;  76.990; 644.839;15.457;491.8729;24.11446;0.2528;0.0003809;4.28131098;3.94251165;179.94832;2.82746E-001;1073.3156; 3.56606;0008
2457266.62294;3UCAC279-155552          ;V     ;296.414385; 49.143055;296.414543; 49.143039; 546.825; 137.579;15.459;474.2500;24.11446;0.2528;0.0007387;3.79725705;2.98687202;50.956811;1.59503E-001;1373.6517; 4.55637;0008
2457266.62294;3UCAC279-156049          ;V     ;296.714689; 49.258423;296.714754; 49.258170; 178.229; 752.303;15.459;485.4491;24.11446;0.2528;0.0021786;4.43406934;3.80773037;69.931719;5.14428E-002;6551.9593;21.13887;0000
2457266.62294;3UCAC279-155636          ;V     ;296.477857; 49.011837;296.477919; 49.011863; 959.250; 271.483;15.462;473.6174;24.11446;0.2528;0.0069298;3.55489604;2.90381977;80.321207;1.89864E-002;13662.711;42.53453;0000
2457266.62294;3UCAC279-155882          ;V     ;296.619986; 49.138778;296.619860; 49.138756; 556.662; 560.876;15.463;476.0542;24.11446;0.2528;0.0008101;4.04608107;3.23187862;139.26988;1.32604E-001;1763.9639; 5.83851;0008
2457266.62294;3UCAC278-156690          ;V     ;296.618826; 48.896451;296.618910; 48.896359;1320.639; 566.405;15.465;473.5822;24.11446;0.2528;0.0004177;4.83411299;3.46005703;93.479142;2.49411E-001;973.67018; 3.23677;0008
2457266.62294;3UCAC279-156197          ;V     ;296.801741; 49.071550;296.801819; 49.071483; 764.472; 938.512;15.470;474.8860;24.11446;0.2528;0.0009795;4.00895045;3.11540879;72.188582;1.07587E-001;2309.1826; 7.62039;0008
2457266.62294;3UCAC279-156137          ;V     ;296.755736; 49.042279;296.755852; 49.042210; 857.880; 844.708;15.485;474.8506;24.11446;0.2528;0.0009470;4.04757286;2.55928274;69.598313;1.08169E-001;2019.8663; 6.67616;0008
2457266.62294;3UCAC279-155839          ;V     ;296.595903; 49.292720;296.595227; 49.293124;  70.639; 505.485;15.489;492.3315;24.11446;0.2528;0.0228070;1.29949667;0.55315608;34.707817;5.57082E-003;5788.1475;18.74923;0004
